NormalizedDepthL2Errors,NormalizedDepthLinfErrors,NormalizedVelocityL2Errors,NormalizedVelocityLinfErrors,NumCells
0.0002610551048393779,0.0010067114093959733,0.0030276281713875947,0.004508192109080364,1280
6.188089213288413e-05,0.00016778523489932885,0.00029147193043325823,0.0005273225456452329,5120
1.6236639138576897e-05,0.0,6.398364804304747e-05,0.00013228272428942296,20480
4.0504189140066314e-06,0.0,1.7164169042000724e-05,3.6723739897476635e-05,81920
